website	country	city
https://www.embassypages.com/missions/embassy9584/	Antigua and Barbuda	St. John's, Consulate
 https://www.embassypages.com/missions/embassy12364/	Argentina	Cordoba, Consulate
 https://www.embassypages.com/missions/embassy12363/	Argentina	Mendoza, Consulate
 https://www.embassypages.com/missions/embassy12365/	Argentina	Rosario, Consulate
 https://www.embassypages.com/missions/embassy12123/	Australia	Adelaide, Consulate
 https://www.embassypages.com/missions/embassy24633/	Australia	Alice Springs, Consulate
 https://www.embassypages.com/missions/embassy12126/	Australia	Brisbane, Consulate
 https://www.embassypages.com/missions/embassy24635/	Australia	Cairns, Consulate
 https://www.embassypages.com/missions/embassy24634/	Australia	Darwin, Consulate
 https://www.embassypages.com/missions/embassy12367/	Australia	Hobart, Consulate
 https://www.embassypages.com/missions/embassy12124/	Australia	Melbourne, Consulate General
 https://www.embassypages.com/missions/embassy12127/	Australia	Perth, Consulate
 https://www.embassypages.com/missions/embassy12125/	Australia	Sydney, Consulate General
 https://www.embassypages.com/missions/embassy12129/	Austria	Bregenz, Consulate
 https://www.embassypages.com/missions/embassy12131/	Austria	Graz, Consulate
 https://www.embassypages.com/missions/embassy12130/	Austria	Innsbruck, Consulate
 https://www.embassypages.com/missions/embassy12132/	Austria	Salzburg, Consulate
 https://www.embassypages.com/missions/embassy22574/	Bahamas	Nassau, Consulate
 https://www.embassypages.com/missions/embassy5282/	Bhutan	Thimphu, Consulate
 https://www.embassypages.com/missions/embassy12157/	Brazil	Belo Horizonte, Consulate General
 https://www.embassypages.com/missions/embassy12150/	Brazil	Manaus, Consulate
 https://www.embassypages.com/missions/embassy12153/	Brazil	Porto Alegre, Consulate
 https://www.embassypages.com/missions/embassy26057/	Brazil	Recife, Consulate General
 https://www.embassypages.com/missions/embassy12149/	Brazil	Rio de Janeiro, Consulate General
 https://www.embassypages.com/missions/embassy12152/	Brazil	Salvador, Consulate
 https://www.embassypages.com/missions/embassy12155/	Brazil	Sao Paulo, Consulate General
 https://www.embassypages.com/missions/embassy12164/	Burkina Faso	Ouagadougou, Consulate
 https://www.embassypages.com/missions/embassy8857/	Cameroon	Douala, Consulate
 https://www.embassypages.com/missions/embassy12172/	Canada	Calgary, Consulate General
 https://www.embassypages.com/missions/embassy12177/	Canada	Halifax, Consulate
 https://www.embassypages.com/missions/embassy12171/	Canada	Montreal, Consulate General
 https://www.embassypages.com/missions/embassy12178/	Canada	Quebec, Consulate
 https://www.embassypages.com/missions/embassy12173/	Canada	St. John's, NL, Consulate
 https://www.embassypages.com/missions/embassy12175/	Canada	Toronto, Consulate General
 https://www.embassypages.com/missions/embassy12176/	Canada	Vancouver, Consulate General
 https://www.embassypages.com/missions/embassy12174/	Canada	Winnipeg, Consulate
 https://www.embassypages.com/missions/embassy22796/	Central African Republic	Bangui, Consulate
 https://www.embassypages.com/missions/embassy12180/	Chad	N'Djamena, Consulate
 https://www.embassypages.com/missions/embassy12497/	Chile	Arica, Consulate
 https://www.embassypages.com/missions/embassy12154/	Chile	Easter Island, Consulate
 https://www.embassypages.com/missions/embassy9076/	Chile	Puerto Montt, Consulate
 https://www.embassypages.com/missions/embassy18346/	Chile	Punta Arenas, Consulate
 https://www.embassypages.com/missions/embassy11079/	Chile	Valparaiso, Consulate
 https://www.embassypages.com/missions/embassy12184/	China	Chongqing, Consulate General
 https://www.embassypages.com/missions/embassy12183/	China	Guangzhou, Consulate General
 https://www.embassypages.com/missions/embassy12182/	China	Shanghai, Consulate General
 https://www.embassypages.com/missions/embassy4386/	China	Wuhan, Consulate General
 https://www.embassypages.com/missions/embassy12191/	Congo (Republic)	Brazzaville, Consulate
 https://www.embassypages.com/missions/embassy12195/	Croatia	Dubrovnik, Consulate
 https://www.embassypages.com/missions/embassy12196/	Croatia	Split, Consulate
 https://www.embassypages.com/missions/embassy12201/	Denmark	Aabenraa, Consulate
 https://www.embassypages.com/missions/embassy12202/	Denmark	Aarhus, Consulate
 https://www.embassypages.com/missions/embassy12203/	Denmark	Fredericia, Consulate
 https://www.embassypages.com/missions/embassy12207/	Denmark	Herning, Consulate
 https://www.embassypages.com/missions/embassy12209/	Djibouti	Djibouti Ville, Consulate
 https://www.embassypages.com/missions/embassy12210/	Dominica	Roseau, Consulate
 https://www.embassypages.com/missions/embassy12212/	Dominican Republic	Puerto Plata, Consulate
 https://www.embassypages.com/missions/embassy20246/	Dominican Republic	Punta Cana, Consulate
 https://www.embassypages.com/missions/embassy26276/	Ecuador	Cuenca, Consulate
 https://www.embassypages.com/missions/embassy12216/	Ecuador	Galapagos, Consulate
 https://www.embassypages.com/missions/embassy12215/	Ecuador	Guayaquil, Consulate
 https://www.embassypages.com/missions/embassy12219/	Egypt	Alexandria, Consulate General
 https://www.embassypages.com/missions/embassy12218/	Egypt	Hurghada, Consulate
 https://www.embassypages.com/missions/embassy12220/	Egypt	Sharm El Sheikh, Consulate
 https://www.embassypages.com/missions/embassy12355/	Equatorial Guinea	Malabo, Consulate
 https://www.embassypages.com/missions/embassy12208/	Faroe Islands	Torshavn, Consulate
 https://www.embassypages.com/missions/embassy12234/	Finland	Jyvaskyla, Consulate
 https://www.embassypages.com/missions/embassy12226/	Finland	Kotka, Consulate
 https://www.embassypages.com/missions/embassy12233/	Finland	Kuopio, Consulate
 https://www.embassypages.com/missions/embassy12227/	Finland	Mariehamn, Consulate
 https://www.embassypages.com/missions/embassy12232/	Finland	Oulu, Consulate
 https://www.embassypages.com/missions/embassy12230/	Finland	Rovaniemi, Consulate
 https://www.embassypages.com/missions/embassy12228/	Finland	Tampere, Consulate
 https://www.embassypages.com/missions/embassy12231/	Finland	Turku, Consulate
 https://www.embassypages.com/missions/embassy12229/	Finland	Vaasa, Consulate
 https://www.embassypages.com/missions/embassy12236/	France	Bordeaux, Consulate General
 https://www.embassypages.com/missions/embassy12255/	France	Marseille, Consulate
 https://www.embassypages.com/missions/embassy12247/	French Guiana	Cayenne, Consulate
 https://www.embassypages.com/missions/embassy18130/	Gabon	Libreville, Consulate
 https://www.embassypages.com/missions/embassy12274/	Germany	Bremen, Consulate
 https://www.embassypages.com/missions/embassy12272/	Germany	Düsseldorf, Consulate General
 https://www.embassypages.com/missions/embassy23820/	Germany	Frankfurt am Main, Consulate
 https://www.embassypages.com/missions/embassy12273/	Germany	Hamburg, Consulate
 https://www.embassypages.com/missions/embassy12270/	Germany	Hanover, Consulate
 https://www.embassypages.com/missions/embassy12275/	Germany	Kiel, Consulate
 https://www.embassypages.com/missions/embassy12266/	Germany	Munich, Consulate General
 https://www.embassypages.com/missions/embassy12271/	Germany	Nuremberg, Consulate
 https://www.embassypages.com/missions/embassy12267/	Germany	Stuttgart, Consulate
 https://www.embassypages.com/missions/embassy12282/	Greece	Corfu, Vice Consulate
 https://www.embassypages.com/missions/embassy12278/	Greece	Heraklion, Vice Consulate
 https://www.embassypages.com/missions/embassy12279/	Greece	Patras, Vice Consulate
 https://www.embassypages.com/missions/embassy12284/	Greece	Rhodes, Consulate
 https://www.embassypages.com/missions/embassy12280/	Greece	Thessaloniki, Consulate
 https://www.embassypages.com/missions/embassy12281/	Greece	Zakynthos, Vice Consulate
 https://www.embassypages.com/missions/embassy26639/	Greenland	Nuuk, Consulate
 https://www.embassypages.com/missions/embassy12250/	Guadeloupe	Pointe-a-Pitre, Consulate
 https://www.embassypages.com/missions/embassy12289/	Guinea-Bissau	Bissau, Consulate
 https://www.embassypages.com/missions/embassy12293/	Honduras	Tegucigalpa, Consulate
 https://www.embassypages.com/missions/embassy10312/	Honduras	Roatan, Consulate
 https://www.embassypages.com/missions/embassy12294/	Honduras	San Pedro Sula, Consulate
 https://www.embassypages.com/missions/embassy12295/	Hong Kong	Hong Kong, Consulate General
 https://www.embassypages.com/missions/embassy24780/	India	Goa, Consulate
 https://www.embassypages.com/missions/embassy12308/	Indonesia	Denpasar, Consulate
 https://www.embassypages.com/missions/embassy12312/	Iraq	Erbil, Consulate General
 https://www.embassypages.com/missions/embassy12316/	Israel	Eilat, Consulate
 https://www.embassypages.com/missions/embassy12320/	Italy	Milan, Consulate General
 https://www.embassypages.com/missions/embassy12336/	Japan	Kitakyushu, Consulate
 https://www.embassypages.com/missions/embassy12334/	Japan	Osaka, Consulate General
 https://www.embassypages.com/missions/embassy12349/	Korea (Republic)	Busan, Consulate
 https://www.embassypages.com/missions/embassy19889/	Lesotho	Maseru, Consulate
 https://www.embassypages.com/missions/embassy14896/	Lithuania	Klaipeda, Consulate
 https://www.embassypages.com/missions/embassy12296/	Macau	Macau, Consulate
 https://www.embassypages.com/missions/embassy12374/	Macedonia	Bitola, Consulate
 https://www.embassypages.com/missions/embassy12376/	Madagascar	Toamasina, Consulate
 https://www.embassypages.com/missions/embassy12380/	Malaysia	Kota Kinabalu, Consulate
 https://www.embassypages.com/missions/embassy12383/	Malaysia	Penang, Consulate
 https://www.embassypages.com/missions/embassy23143/	Marshall Islands	Majuro, Consular Agency
 https://www.embassypages.com/missions/embassy12249/	Martinique	Fort-de-France, Consulate
 https://www.embassypages.com/missions/embassy12388/	Mauritius	Rodrigues, Consulate
 https://www.embassypages.com/missions/embassy12391/	Mexico	Cancun, Consulate
 https://www.embassypages.com/missions/embassy285/	Monaco	Monaco, Consulate
 https://www.embassypages.com/missions/embassy12404/	Morocco	Agadir, Consulate
 https://www.embassypages.com/missions/embassy12403/	Morocco	Casablanca, Consulate General
 https://www.embassypages.com/missions/embassy12405/	Morocco	Marrakech, Consulate
 https://www.embassypages.com/missions/embassy12402/	Morocco	Tangier, Consulate
 https://www.embassypages.com/missions/embassy12407/	Mozambique	Beira, Consulate
 https://www.embassypages.com/missions/embassy12411/	Netherlands	Amsterdam, Consulate General
 https://www.embassypages.com/missions/embassy12414/	New Zealand	Auckland, Consulate General
 https://www.embassypages.com/missions/embassy12415/	New Zealand	Christchurch, Consulate
 https://www.embassypages.com/missions/embassy12417/	Nicaragua	Managua, Consulate
 https://www.embassypages.com/missions/embassy12421/	Nigeria	Kano, Consulate
 https://www.embassypages.com/missions/embassy12433/	Norway	Aalesund, Consulate
 https://www.embassypages.com/missions/embassy12434/	Norway	Bodø, Consulate
 https://www.embassypages.com/missions/embassy12429/	Norway	Kristiansand, Consulate
 https://www.embassypages.com/missions/embassy12430/	Norway	Stavanger, Consulate
 https://www.embassypages.com/missions/embassy12431/	Norway	Tromso, Consulate
 https://www.embassypages.com/missions/embassy12318/	Palestine	East Jerusalem, Consulate General
 https://www.embassypages.com/missions/embassy12443/	Peru	Arequipa, Consulate
 https://www.embassypages.com/missions/embassy12447/	Peru	Cusco, Consulate
 https://www.embassypages.com/missions/embassy12449/	Peru	Trujillo, Consulate
 https://www.embassypages.com/missions/embassy12452/	Philippines	Cebu City, Consulate
 https://www.embassypages.com/missions/embassy12456/	Poland	Gdansk, Consulate
 https://www.embassypages.com/missions/embassy12458/	Poland	Krakow, Consulate
 https://www.embassypages.com/missions/embassy12459/	Poland	Lodz, Consulate
 https://www.embassypages.com/missions/embassy12460/	Poland	Lublin, Consulate
 https://www.embassypages.com/missions/embassy12461/	Poland	Poznan, Consulate
 https://www.embassypages.com/missions/embassy12462/	Poland	Szczecin, Consulate
 https://www.embassypages.com/missions/embassy12463/	Poland	Wroclaw, Consulate
 https://www.embassypages.com/missions/embassy12466/	Portugal	Portimao, Vice Consulate
 https://www.embassypages.com/missions/embassy12560/	Puerto Rico	San Juan, Consulate
 https://www.embassypages.com/missions/embassy12473/	Russia	Novorossiysk, Consulate
 https://www.embassypages.com/missions/embassy12471/	Russia	St. Petersburg, Consulate General
 https://www.embassypages.com/missions/embassy12474/	Russia	Vladivostok, Consulate
 https://www.embassypages.com/missions/embassy12472/	Russia	Yekaterinburg, Consulate General
 https://www.embassypages.com/missions/embassy26105/	Russia	Yuzhno-Sakhalinsk, Consulate
 https://www.embassypages.com/missions/embassy12476/	Saint Kitts and Nevis	Basseterre, Consulate
 https://www.embassypages.com/missions/embassy18845/	Saint Vincent and the Grenadines	Kingstown, Consulate
 https://www.embassypages.com/missions/embassy12479/	Samoa	Apia, Consulate
 https://www.embassypages.com/missions/embassy12482/	Saudi Arabia	Jeddah, Consulate General
 https://www.embassypages.com/missions/embassy12496/	South Africa	Cape Town, Consulate General
 https://www.embassypages.com/missions/embassy1708/	South Africa	Port Elizabeth, Consulate
 https://www.embassypages.com/missions/embassy12501/	Spain	Alicante, Consulate
 https://www.embassypages.com/missions/embassy12506/	Spain	Barcelona, Consulate General
 https://www.embassypages.com/missions/embassy12510/	Spain	Ibiza, Consulate
 https://www.embassypages.com/missions/embassy12502/	Spain	Las Palmas de Gran Canaria, Consulate
 https://www.embassypages.com/missions/embassy12503/	Spain	Malaga, Consulate
 https://www.embassypages.com/missions/embassy12509/	Spain	Palma de Mallorca, Consulate
 https://www.embassypages.com/missions/embassy12504/	Spain	Santa Cruz de Tenerife, Consulate
 https://www.embassypages.com/missions/embassy12516/	Suriname	Paramaribo, Consulate
 https://www.embassypages.com/missions/embassy19888/	Swaziland	Mbabane, Consulate
 https://www.embassypages.com/missions/embassy12529/	Syria	Aleppo, Consulate
 https://www.embassypages.com/missions/embassy12530/	Syria	Latakia, Consulate
 https://www.embassypages.com/missions/embassy12536/	Thailand	Chiang Mai, Consulate
 https://www.embassypages.com/missions/embassy12537/	Togo	Lomé, Consulate
 https://www.embassypages.com/missions/embassy12542/	Tunisia	Sfax, Consulate
 https://www.embassypages.com/missions/embassy12545/	Turkey	Antalya, Vice Consulate
 https://www.embassypages.com/missions/embassy12546/	Turkey	Bodrum, Consulate
 https://www.embassypages.com/missions/embassy20123/	Turkey	Fethiye, Consulate
 https://www.embassypages.com/missions/embassy12544/	Turkey	Istanbul, Consulate General
 https://www.embassypages.com/missions/embassy12547/	Turkey	Izmir, Consulate
 https://www.embassypages.com/missions/embassy12548/	Turkey	Marmaris, Consulate
 https://www.embassypages.com/missions/embassy12555/	United States	Atlanta, Consulate General
 https://www.embassypages.com/missions/embassy12561/	United States	Boston, Consulate General
 https://www.embassypages.com/missions/embassy12562/	United States	Chicago, Consulate General
 https://www.embassypages.com/missions/embassy12566/	United States	Houston, Consulate General
 https://www.embassypages.com/missions/embassy12573/	United States	Los Angeles, Consulate General
 https://www.embassypages.com/missions/embassy12556/	United States	Miami, Consulate General
 https://www.embassypages.com/missions/embassy12574/	United States	New York, Consulate General
 https://www.embassypages.com/missions/embassy12577/	United States	San Francisco, Consulate General
 https://www.embassypages.com/missions/embassy12586/	Venezuela	Maracaibo, Consulate
 https://www.embassypages.com/missions/embassy12588/	Venezuela	Merida, Mer, Consulate
 https://www.embassypages.com/missions/embassy12587/	Venezuela	Porlamar, Consulate
 https://www.embassypages.com/missions/embassy12589/	Venezuela	San Cristobal, Consulate
 https://www.embassypages.com/missions/embassy12591/	Vietnam	Ho Chi Minh City, Consulate General
 https://www.embassypages.com/missions/embassy12594/	Yemen	Hodeidah, Consulate                       
